<?xml version="1.0" encoding="UTF-8" ?>
<!DOCTYPE mapper PUBLIC "-//mybatis.org//DTD Mapper 3.0//EN"
	"http:/mybatis.org/dtd/mybatis-3-mapper.dtd">
<mapper namespace="com.ict.mapper.BoardAttachMapper">

	<insert id="insert">
		INSERT INTO ictimage (uuid, uploadpath, filename, filetype, bno)
			VALUES (#{uuid}, #{uploadPath}, #{fileName}, #{fileType}, #{bno})
	</insert>
	
	<delete id="delete">
		DELETE FROM ictimage WHERE uuid = #{uuid}
	</delete>
	
	<select id="findByBno" resultType="com.ict.persistence.BoardAttachVO">
		SELECT * FROM ictimage WHERE bno = #{bno}
	</select>
	
	<delete id="deleteAll">
		DELETE FROM ictimage WHERE bno = #{bno}
	</delete>

	<select id="getOldFiles" resultType="com.ict.persistence.BoardAttachVO">
		SELECT * FROM ictimage WHERE uploadpath = to_char(sysdate - 1, 'yyyy\mm\dd')
	</select>


</mapper>