<?xml version="1.0" encoding="UTF-8" ?>
<!DOCTYPE mapper PUBLIC "-//mybatis.org//DTD Mapper 3.0//EN"
	"http:/mybatis.org/dtd/mybatis-3-mapper.dtd">
<mapper namespace="com.ict.mapper.BoardMapper">
	<!-- 조건문에 의한 동적쿼리를 반복해서 사용하기 위해 sql태그에 저장합니다. -->
	<sql id="search">
		<if test="searchType != null">
			<if test="searchType == 't'.toString()">
				(TITLE like '%'||#{keyword}||'%') AND
			</if>
			<if test="searchType == 'c'.toString()">
				(CONTENT like '%'||#{keyword}||'%') AND
			</if>
			<if test="searchType == 'w'.toString()">
				(WRITER like '%'||#{keyword}||'%') AND
			</if>
			<if test="searchType == 'tc'.toString()">
				((TITLE like '%'||#{keyword}||'%')
					OR
				(CONTENT like '%'||#{keyword}||'%')) AND
			</if>
			<if test="searchType == 'cw'.toString()">
				((CONTENT like '%'||#{keyword}||'%')
					OR
				(WRITER like '%'||#{keyword}||'%')) AND
			</if>
			<if test="searchType == 'tcw'.toString()">
				((TITLE like '%'||#{keyword}||'%')
					OR
				(CONTENT like '%'||#{keyword}||'%')
					OR
				(WRITER like '%'||#{keyword}||'%')) AND
			</if>
		</if>
	</sql>
	
	
	
	
	<select id="getList" resultType="com.ict.persistence.BoardVO">
		<!-- <이나 >과 같이 태그로 오인될 수 있는 문자를 포함하는
		쿼리문은 그냥 작성하지 않고, CDATA를 이용합니다.
		아래와 같이 <![CDATA[ 실행문 ]]> 과 같이
		실행문을 CDATA 내부에 작성하면
		내부의 부등호는 전부 문자로 간주합니다. -->
		<![CDATA[
		SELECT * FROM
			(SELECT 
			/*+ INDEX_DESC(board_tbl pk_board) */
			rownum rn, board_tbl.* FROM board_tbl 
				WHERE 
		]]>
			<!-- 동적쿼리조건이 들어올 자리 -->
			<include refid="search"></include>
			
		<![CDATA[
			rownum <=(${page} * 10))
			WHERE rn > (${page} - 1) * 10
		]]>
	</select>
	
	<!-- 현재 insert는 BoardVO를 파라미터로 받고 있습니다. 
	이 경우, VO 내부 변수를 #{변수명} 으로 쿼리문에 전달할 수 있습니다.
	${변수명} 이 아님을 주의해주세요.
	
	현재 로직으로는 bno에 들어갈 값을 미리 알 수 없으므로, insert구문 실행 이전에 먼저
	bno값을 구해놓고 전달하는 식으로 활용해야 vo내에 bno를 넣어줄 수 있음
	-->
	<insert id="insert">
		<selectKey keyProperty="bno" resultType="long" order="BEFORE">
			SELECT board_num.nextval FROM dual
		</selectKey>
		<!-- #{bno}에는 board_num의 nextval 결과값이 들어있습니다. -->
		INSERT INTO board_tbl (bno, title, content, writer)
			VALUES
		(#{bno}, #{title}, #{content}, #{writer})
	</insert>
	
	<delete id="delete">
		DELETE FROM board_tbl WHERE bno = #{bno}
	</delete>
	
	<update id="update">
		UPDATE board_tbl 
			set 
		title=#{title}, content=#{content}, 
		writer=#{writer}, updatedate=SYSDATE
			WHERE bno = #{bno}
	</update>
	
	<select id="getDetail" resultType="com.ict.persistence.BoardVO">
		SELECT * FROM board_tbl WHERE bno = #{bno}
	</select>

	<select id="getBoardCount" resultType="long">
		SELECT COUNT(*) FROM board_tbl WHERE
			<include refid="search"></include>
			<!-- 조건이 없을때도 WHERE절 뒤에 뭔가 붙여야 하므로 bno가 0보다 큰 경우라는 조건을 붙입니다. -->
		bno > 0
	</select>
	
	<update id="updateReplyCount">
		update board_tbl
			SET
		replycount = replycount + #{amount} WHERE bno = #{bno}
	</update>
	


</mapper>